{
  "logistic_regression": {
    "accuracy": 1.0,
    "precision": 1.0,
    "recall": 1.0,
    "f1_score": 1.0,
    "roc_auc": 1.0,
    "avg_precision": 1.0,
    "confusion_matrix": [
      [
        1960,
        0
      ],
      [
        0,
        40
      ]
    ],
    "support": 40
  },
  "decision_tree": {
    "accuracy": 0.9995,
    "precision": 0.975609756097561,
    "recall": 1.0,
    "f1_score": 0.9876543209876543,
    "roc_auc": 0.9997448979591838,
    "avg_precision": 0.975609756097561,
    "confusion_matrix": [
      [
        1959,
        1
      ],
      [
        0,
        40
      ]
    ],
    "support": 40
  },
  "random_forest": {
    "accuracy": 1.0,
    "precision": 1.0,
    "recall": 1.0,
    "f1_score": 1.0,
    "roc_auc": 1.0,
    "avg_precision": 1.0,
    "confusion_matrix": [
      [
        1960,
        0
      ],
      [
        0,
        40
      ]
    ],
    "support": 40
  },
  "gradient_boosting": {
    "accuracy": 0.9995,
    "precision": 0.975609756097561,
    "recall": 1.0,
    "f1_score": 0.9876543209876543,
    "roc_auc": 0.9997448979591838,
    "avg_precision": 0.975609756097561,
    "confusion_matrix": [
      [
        1959,
        1
      ],
      [
        0,
        40
      ]
    ],
    "support": 40
  }
}